{"cameraMode":{"drawMode":0,"name":"Shaded","section":"Shading Mode"},"sceneLighting":false,"audioPlay":false,"sceneViewState":{"m_AlwaysRefresh":false,"showFog":true,"showSkybox":false,"showFlares":true,"showImageEffects":true,"showParticleSystems":true,"showVisualEffectGraphs":true,"m_FxEnabled":true},"in2DMode":false,"pivot":{"x":-13.168410301208496,"y":2.5392909049987795,"z":-18.465972900390626},"rotation":{"x":-0.03092147782444954,"y":-0.7240765690803528,"z":0.027332527562975885,"w":-0.6894607543945313},"size":5.899787425994873,"orthographic":false}