{"cameraMode":{"drawMode":0,"name":"Shaded","section":"Shading Mode"},"sceneLighting":false,"audioPlay":false,"sceneViewState":{"m_AlwaysRefresh":false,"showFog":true,"showSkybox":false,"showFlares":true,"showImageEffects":true,"showParticleSystems":true,"showVisualEffectGraphs":true,"m_FxEnabled":true},"in2DMode":false,"pivot":{"x":-169.08700561523438,"y":2.4717442989349367,"z":-8.066703796386719},"rotation":{"x":-0.07387904822826386,"y":0.040406953543424609,"z":-0.006527282297611237,"w":-0.9971039295196533},"size":5.026678562164307,"orthographic":false}