{"cameraMode":{"drawMode":0,"name":"Shaded","section":"Shading Mode"},"sceneLighting":false,"audioPlay":false,"sceneViewState":{"m_AlwaysRefresh":false,"showFog":true,"showSkybox":false,"showFlares":true,"showImageEffects":true,"showParticleSystems":true,"showVisualEffectGraphs":true,"m_FxEnabled":true},"in2DMode":false,"pivot":{"x":-174.13743591308595,"y":0.38860800862312319,"z":-3.1363439559936525},"rotation":{"x":-0.07112118601799011,"y":-0.08820316195487976,"z":0.002780370647087693,"w":-0.9942342042922974},"size":5.899786472320557,"orthographic":false}