{"cameraMode":{"drawMode":0,"name":"Shaded","section":"Shading Mode"},"sceneLighting":false,"audioPlay":false,"sceneViewState":{"m_AlwaysRefresh":false,"showFog":true,"showSkybox":false,"showFlares":true,"showImageEffects":true,"showParticleSystems":true,"showVisualEffectGraphs":true,"m_FxEnabled":true},"in2DMode":false,"pivot":{"x":-7.195759296417236,"y":0.8407373428344727,"z":111.40203857421875},"rotation":{"x":-0.1871388852596283,"y":-0.007748226635158062,"z":-0.0019654545467346908,"w":-0.9829877018928528},"size":5.026681423187256,"orthographic":false}