{"cameraMode":{"drawMode":0,"name":"Shaded","section":"Shading Mode"},"sceneLighting":false,"audioPlay":false,"sceneViewState":{"m_AlwaysRefresh":false,"showFog":true,"showSkybox":false,"showFlares":true,"showImageEffects":true,"showParticleSystems":true,"showVisualEffectGraphs":true,"m_FxEnabled":true},"in2DMode":false,"pivot":{"x":-17.844345092773439,"y":2.5392918586730959,"z":-16.298603057861329},"rotation":{"x":-0.12685135006904603,"y":-0.6617631316184998,"z":0.11007434129714966,"w":-0.7315891981124878},"size":6.6341400146484379,"orthographic":false}