{"cameraMode":{"drawMode":0,"name":"Shaded","section":"Shading Mode"},"sceneLighting":false,"audioPlay":false,"sceneViewState":{"m_AlwaysRefresh":false,"showFog":true,"showSkybox":false,"showFlares":true,"showImageEffects":true,"showParticleSystems":true,"showVisualEffectGraphs":true,"m_FxEnabled":true},"in2DMode":false,"pivot":{"x":128.82284545898438,"y":0.0004378502781037241,"z":2.453211545944214},"rotation":{"x":-0.17531870305538178,"y":-0.003289436921477318,"z":-0.0028396372217684986,"w":-0.9851869344711304},"size":5.150485038757324,"orthographic":false}