{"cameraMode":{"drawMode":0,"name":"Shaded","section":"Shading Mode"},"sceneLighting":false,"audioPlay":false,"sceneViewState":{"m_AlwaysRefresh":false,"showFog":true,"showSkybox":false,"showFlares":true,"showImageEffects":true,"showParticleSystems":true,"showVisualEffectGraphs":true,"m_FxEnabled":true},"in2DMode":false,"pivot":{"x":-189.6053924560547,"y":0.7467583417892456,"z":-8.091195106506348},"rotation":{"x":-0.09807094931602478,"y":-0.03144458308815956,"z":-0.00041659583803266287,"w":-0.9953601360321045},"size":5.026675701141357,"orthographic":false}