{"cameraMode":{"drawMode":0,"name":"Shaded","section":"Shading Mode"},"sceneLighting":false,"audioPlay":false,"sceneViewState":{"m_AlwaysRefresh":false,"showFog":false,"showSkybox":false,"showFlares":false,"showImageEffects":false,"showParticleSystems":false,"showVisualEffectGraphs":true,"m_FxEnabled":true},"in2DMode":false,"pivot":{"x":-0.11852017045021057,"y":0.697203516960144,"z":-0.5979546308517456},"rotation":{"x":0.0035117308143526317,"y":0.9827210307121277,"z":-0.17749324440956117,"w":-0.07022783905267716},"size":1.3504389524459839,"orthographic":false}