{"cameraMode":{"drawMode":0,"name":"Shaded","section":"Shading Mode"},"sceneLighting":false,"audioPlay":false,"sceneViewState":{"m_AlwaysRefresh":false,"showFog":true,"showSkybox":false,"showFlares":true,"showImageEffects":true,"showParticleSystems":true,"showVisualEffectGraphs":true,"m_FxEnabled":true},"in2DMode":false,"pivot":{"x":-170.74777221679688,"y":0.4444575011730194,"z":-7.768976211547852},"rotation":{"x":-0.12488792091608048,"y":-0.010596370324492455,"z":-0.0021632136777043344,"w":-0.9927908778190613},"size":4.5373430252075199,"orthographic":false}