{"cameraMode":{"drawMode":0,"name":"Shaded","section":"Shading Mode"},"sceneLighting":false,"audioPlay":false,"sceneViewState":{"m_AlwaysRefresh":false,"showFog":true,"showSkybox":false,"showFlares":true,"showImageEffects":true,"showParticleSystems":true,"showVisualEffectGraphs":true,"m_FxEnabled":true},"in2DMode":false,"pivot":{"x":-167.99038696289063,"y":-0.12151768058538437,"z":-10.31784439086914},"rotation":{"x":-0.029715968295931817,"y":-0.9509069919586182,"z":0.08242911845445633,"w":-0.29908570647239687},"size":5.882601261138916,"orthographic":false}