{"cameraMode":{"drawMode":0,"name":"Shaded","section":"Shading Mode"},"sceneLighting":false,"audioPlay":false,"sceneViewState":{"m_AlwaysRefresh":false,"showFog":true,"showSkybox":false,"showFlares":true,"showImageEffects":true,"showParticleSystems":true,"showVisualEffectGraphs":true,"m_FxEnabled":true},"in2DMode":false,"pivot":{"x":-2.059999704360962,"y":0.7986066341400147,"z":-0.004794716835021973},"rotation":{"x":-0.15817730128765107,"y":-0.02031882293522358,"z":0.00023804769443813711,"w":-0.9879541397094727},"size":1.1615875959396363,"orthographic":false}