{"cameraMode":{"drawMode":0,"name":"Shaded","section":"Shading Mode"},"sceneLighting":false,"audioPlay":false,"sceneViewState":{"m_AlwaysRefresh":false,"showFog":true,"showSkybox":false,"showFlares":true,"showImageEffects":true,"showParticleSystems":true,"showVisualEffectGraphs":true,"m_FxEnabled":true},"in2DMode":false,"pivot":{"x":-8.406722068786621,"y":1.6842780113220215,"z":136.35003662109376},"rotation":{"x":-0.03209031745791435,"y":0.007646031212061644,"z":-0.003708337200805545,"w":-1.000128149986267},"size":4.371779918670654,"orthographic":false}