{"cameraMode":{"drawMode":0,"name":"Shaded","section":"Shading Mode"},"sceneLighting":false,"audioPlay":false,"sceneViewState":{"m_AlwaysRefresh":false,"showFog":true,"showSkybox":false,"showFlares":true,"showImageEffects":true,"showParticleSystems":true,"showVisualEffectGraphs":true,"m_FxEnabled":true},"in2DMode":false,"pivot":{"x":-0.42197030782699587,"y":0.6497369408607483,"z":117.48094177246094},"rotation":{"x":-0.16082943975925446,"y":0.04059862717986107,"z":-0.009984944015741349,"w":-0.9867796897888184},"size":5.819151878356934,"orthographic":false}