{"cameraMode":{"drawMode":0,"name":"Shaded","section":"Shading Mode"},"sceneLighting":false,"audioPlay":false,"sceneViewState":{"m_AlwaysRefresh":false,"showFog":true,"showSkybox":false,"showFlares":true,"showImageEffects":true,"showParticleSystems":true,"showVisualEffectGraphs":true,"m_FxEnabled":true},"in2DMode":false,"pivot":{"x":-20.366718292236329,"y":-0.052188627421855929,"z":-10.771183013916016},"rotation":{"x":-0.24132946133613587,"y":0.00674703624099493,"z":-0.005051161628216505,"w":-0.9711028337478638},"size":5.150485038757324,"orthographic":false}