{"cameraMode":{"drawMode":0,"name":"Shaded","section":"Shading Mode"},"sceneLighting":false,"audioPlay":false,"sceneViewState":{"m_AlwaysRefresh":false,"showFog":true,"showSkybox":false,"showFlares":true,"showImageEffects":true,"showParticleSystems":true,"showVisualEffectGraphs":true,"m_FxEnabled":true},"in2DMode":false,"pivot":{"x":134.3765411376953,"y":2.0681889057159426,"z":1.2266626358032227},"rotation":{"x":-0.10664426535367966,"y":0.052112072706222537,"z":-0.00896779727190733,"w":-0.9935689568519592},"size":4.3717851638793949,"orthographic":false}