{"cameraMode":{"drawMode":0,"name":"Shaded","section":"Shading Mode"},"sceneLighting":false,"audioPlay":false,"sceneViewState":{"m_AlwaysRefresh":false,"showFog":true,"showSkybox":false,"showFlares":true,"showImageEffects":true,"showParticleSystems":true,"showVisualEffectGraphs":true,"m_FxEnabled":true},"in2DMode":false,"pivot":{"x":132.63999938964845,"y":2.182328701019287,"z":1.3247871398925782},"rotation":{"x":-0.07956859469413758,"y":-0.8479697108268738,"z":0.12560555338859559,"w":-0.5100848078727722},"size":4.3717851638793949,"orthographic":false}