{"cameraMode":{"drawMode":0,"name":"Shaded","section":"Shading Mode"},"sceneLighting":false,"audioPlay":false,"sceneViewState":{"m_AlwaysRefresh":false,"showFog":true,"showSkybox":false,"showFlares":true,"showImageEffects":true,"showParticleSystems":true,"showVisualEffectGraphs":true,"m_FxEnabled":true},"in2DMode":false,"pivot":{"x":-11.670988082885743,"y":0.9772259593009949,"z":146.3500518798828},"rotation":{"x":-0.09346373379230499,"y":0.014875606633722783,"z":-0.0049176583997905258,"w":-0.9961766600608826},"size":5.150487899780273,"orthographic":false}