{"cameraMode":{"drawMode":0,"name":"Shaded","section":"Shading Mode"},"sceneLighting":false,"audioPlay":false,"sceneViewState":{"m_AlwaysRefresh":false,"showFog":true,"showSkybox":false,"showFlares":true,"showImageEffects":true,"showParticleSystems":true,"showVisualEffectGraphs":true,"m_FxEnabled":true},"in2DMode":false,"pivot":{"x":-1.2701786756515504,"y":1.0517741441726685,"z":126.02444458007813},"rotation":{"x":-0.1723623424768448,"y":-0.0032834308221936228,"z":-0.0028643840923905374,"w":-0.9857079386711121},"size":4.788266658782959,"orthographic":false}